Sequence, HEVC_PSNR, HEVC_Bits, HEVC_Time, EI_PSNR, EI_Bits, EI_Time, Ratio_Bits, x_Time
BasketballPass,36.5303, 4347,        0.766,36.5085, 4387,        0.812,0.920174833218312,1.06005221932115,
ChinaSpeed,38.3313, 41684,        4.938,38.3685, 40985,        5.016,-1.67690240859802,1.01579586877278,
