Sequence, src_filesize, src_Time, lip_filesize, lip_Time, Ratio_filesize, x_Time
Vidyo1,487498,      161.594,445298,      214.812,-8.65644577003393,1.32933153458668,
Vidyo3,508307,      171.609,462745,      221.422,-8.96348073113296,1.29027032381752,
Vidyo4,450146,      154.672,410910,      208.188,-8.71628316146317,1.34599668976932,
AVG,-,-,-,-,-8.77873655421002,1.3218661827245,